Title,Images,Tags,Category,Body
Long title mauris elementum accumsan leo vel tempor sagittis diam vel enim tempus sit amet cursus nisl aliquam,image_blog_2.png,"sitebuilding, Drupal","Internet Marketing, Development","<p>Quisque imperdiet metus eget mauris fringilla placerat? Mauris vitae aliquet lorem. Vivamus pretium bibendum leo, in tempus nisl vestibulum ut. Pellentesque vel dolor eget augue venenatis condimentum! In et fringilla ipsum. Class aptent taciti sociosqu ad litora torquent per conubia nostra, per inceptos himenaeos. Ut quis nibh quis mi pharetra dignissim. Maecenas et ligula libero, quis porttitor justo. Aenean nec nisi at orci sodales consectetur. Morbi auctor consequat consequat. Donec placerat vehicula sapien a lobortis. Etiam non velit odio. Vivamus faucibus libero sit amet massa venenatis vitae iaculis felis scelerisque. Nulla facilisi. Suspendisse potenti. Nulla adipiscing neque et augue lobortis malesuada! Curabitur pulvinar ligula non quam pharetra eu accumsan odio consectetur. Donec non neque dui, a sodales orci. Quisque congue hendrerit sem, vitae pretium purus iaculis quis. Praesent vestibulum luctus mattis. Praesent tortor tortor; feugiat ut elementum id, ultricies ullamcorper urna. Maecenas sagittis enim eget ipsum euismod in ornare lectus vestibulum. Sed dapibus tincidunt rhoncus. Lorem ipsum dolor sit amet, consectetur adipiscing elit. Nulla rutrum nunc at turpis metus. Quisque imperdiet metus eget mauris fringilla placerat? Mauris vitae aliquet lorem. Vivamus pretium bibendum leo, in tempus nisl vestibulum ut. Pellentesque vel dolor eget augue venenatis condimentum! In et fringilla ipsum. Class aptent taciti sociosqu ad litora torquent per conubia nostra, per inceptos himenaeos. Ut quis nibh quis mi pharetra dignissim. Maecenas et ligula libero, quis porttitor justo. Aenean nec nisi at orci sodales consectetur. Morbi auctor consequat consequat. Donec placerat vehicula sapien a lobortis. Etiam non velit odio. Vivamus faucibus libero sit amet massa venenatis vitae iaculis felis scelerisque. Nulla facilisi. Suspendisse potenti. Nulla adipiscing neque et augue lobortis malesuada! Curabitur pulvinar ligula non quam pharetra eu accumsan odio consectetur. Donec non neque dui, a sodales orci. Quisque congue hendrerit sem, vitae pretium purus iaculis quis. Praesent vestibulum luctus mattis. Praesent tortor tortor; feugiat ut elementum id, ultricies ullamcorper urna. Maecenas sagittis enim eget ipsum euismod in ornare lectus vestibulum. Sed dapibus tincidunt rhoncus. Lorem ipsum dolor sit amet, consectetur adipiscing elit. Nulla rutrum nunc at turpis metus.</p>"
Short title,image_blog_1.png,"Social, css",Business Consulting,"<p>Aliquam in rutrum odio. Duis cursus vestibulum sapien, eu tempus diam vestibulum sit amet! Pellentesque habitant morbi tristique senectus et netus et malesuada fames ac turpis egestas. Maecenas turpis massa, rutrum ut facilisis at, pretium nec dolor. Nullam a aliquam neque. In hac habitasse platea dictumst. In hac habitasse platea dictumst. Ut malesuada molestie sapien, quis porttitor orci vestibulum et. Nullam vitae vehicula turpis. Duis mollis elementum tincidunt. Integer ultrices massa sed augue feugiat sed accumsan mauris faucibus. Nulla facilisi. Duis eu lectus quam. Morbi semper laoreet tellus, eu eleifend arcu semper a.</p><p>Cras hendrerit tristique feugiat. Vivamus aliquet quam at mi posuere facilisis. Phasellus vitae neque ac erat interdum venenatis. Vestibulum commodo iaculis felis et viverra. Proin neque quam, condimentum ut auctor nec, porta nec metus. Cras vehicula varius leo, in elementum diam tempus quis. Curabitur sed elit id enim sagittis dictum non non enim! Mauris vulputate ipsum augue, ac mattis ipsum. Ut eu sapien nisi? Fusce et lorem sem. Proin et libero lacinia odio semper molestie. Sed venenatis, nisl eu ullamcorper ultrices, urna arcu eleifend purus, sed posuere.</p>"
Sed odio magna pellentesque eget convallis ac vehicula vel arcu,image_blog_3.png,"sitebuilding, Drupal","Internet Marketing, Development","<p>Cras hendrerit tristique feugiat. Vivamus aliquet quam at mi posuere facilisis. Phasellus vitae neque ac erat interdum venenatis. Vestibulum commodo iaculis felis et viverra. Proin neque quam, condimentum ut auctor nec, porta nec metus. Cras vehicula varius leo, in elementum diam tempus quis. Curabitur sed elit id enim sagittis dictum non non enim! Mauris vulputate ipsum augue, ac mattis ipsum. Ut eu sapien nisi? Fusce et lorem sem. Proin et libero lacinia odio semper molestie. Sed venenatis, nisl eu ullamcorper ultrices, urna arcu eleifend purus, sed posuere.</p><p>Aliquam in rutrum odio. Duis cursus vestibulum sapien, eu tempus diam vestibulum sit amet! Pellentesque habitant morbi tristique senectus et netus et malesuada fames ac turpis egestas. Maecenas turpis massa, rutrum ut facilisis at, pretium nec dolor. Nullam a aliquam neque. In hac habitasse platea dictumst. In hac habitasse platea dictumst. Ut malesuada molestie sapien, quis porttitor orci vestibulum et. Nullam vitae vehicula turpis. Duis mollis elementum tincidunt. Integer ultrices massa sed augue feugiat sed accumsan mauris faucibus. Nulla facilisi. Duis eu lectus quam. Morbi semper laoreet tellus, eu eleifend arcu semper a.</p>"
In magna nulla pellentesque a lobortis at,image_blog_4.png,"Social, css",Collaboration,"<p>Quisque congue hendrerit sem, vitae pretium purus iaculis quis. Praesent vestibulum luctus mattis. Praesent tortor tortor; feugiat ut elementum id, ultricies ullamcorper urna. Maecenas sagittis enim eget ipsum euismod in ornare lectus vestibulum. Sed dapibus tincidunt rhoncus. Lorem ipsum dolor sit amet, consectetur adipiscing elit. Nulla rutrum nunc at turpis metus. Quisque imperdiet metus eget mauris fringilla placerat? Mauris vitae aliquet lorem. Vivamus pretium bibendum leo, in tempus nisl vestibulum ut. Pellentesque vel dolor eget augue venenatis condimentum! In et fringilla ipsum. Class aptent taciti sociosqu ad litora torquent per conubia nostra, per inceptos himenaeos.</p><p>Ut quis nibh quis mi pharetra dignissim. Maecenas et ligula libero, quis porttitor justo. Aenean nec nisi at orci sodales consectetur. Morbi auctor consequat consequat. Donec placerat vehicula sapien a lobortis. Etiam non velit odio. Vivamus faucibus libero sit amet massa venenatis vitae iaculis felis scelerisque. Nulla facilisi. Suspendisse potenti. Nulla adipiscing neque et augue lobortis malesuada! Curabitur pulvinar ligula non quam pharetra eu accumsan odio consectetur. Donec non neque dui, a sodales orci. Quisque congue hendrerit sem, vitae pretium purus iaculis quis. Praesent vestibulum luctus mattis. Praesent tortor tortor; feugiat ut elementum id, ultricies ullamcorper urna. Maecenas sagittis enim eget ipsum euismod in ornare lectus vestibulum. Sed dapibus tincidunt rhoncus. Lorem ipsum dolor sit amet, consectetur adipiscing elit. Nulla rutrum nunc at turpis metus.</p>"
Mauris elementum accumsan leo vel tempor sagittis diam vel enim tempus sit amet cursus nisl aliquam,image_blog_5.png,Business Consulting,Business Consulting,"<p>Commerce Guys provide many screencasts around the Drupal Commerce ecosystem to demonstrate how you can easily extend your store using contributed modules.This tuesday, let's talk about Commerce Customizable Products which is another module that provides custom line item types like Commerce Custom Line Items.Watch the <a href='http://drupalcommerce.org/videos/commerce-module-tuesday/commerce-customizable-products'>screencast</a>.Find more videos at <a href='http://drupalcommerce.org/videos'>DrupalCommerce.org</a></p>"
Cras ornare diam nec tortor,image_blog_6.png,Internet Marketing,"Development, Collaboration","<p>Donec sed odio dui. Duis mollis, est non commodo luctus, nisi erat porttitor ligula, eget lacinia odio sem nec elit. Sed posuere consectetur est at lobortis. Nulla vitae elit libero, a pharetra augue. Donec ullamcorper nulla non metus auctor fringilla. Donec id elit non mi porta gravida at eget metus. Fusce dapibus, tellus ac cursus commodo, tortor mauris condimentum nibh, ut fermentum massa justo sit amet risus.Lorem ipsum dolor sit amet, consectetur adipiscing elit. Etiam porta sem malesuada magna mollis euismod. Aenean eu leo quam.</p><h2>H2 Heading Text</h2><p>Donec id elit non mi porta gravida at eget metus. Aenean lacinia bibendum nulla sed consectetur. Vivamus sagittis lacus vel augue laoreet rutrum faucibus dolor auctor. Donec ullamcorper nulla non metus auctor fringilla. Donec ullamcorper nulla non metus auctor fringilla. Integer posuere erat a ante venenatis dapibus posuere velit aliquet.</p><h3>Blockquote</h3><blockquote class=""center""><p>Duis mollis, est non commodo luctus, nisi erat porttitor ligula, eget lacinia odio sem nec elit. Integer posuere erat a ante venenatis dapibus posuere velit aliquet. Donec ullamcorper nulla non metus auctor fringilla.</p></blockquote><h4>H4 Heading Text</h4><p>Pellentesque ornare sem lacinia quam venenatis vestibulum. Aenean lacinia bibendum nulla sed consectetur.Cras mattis consectetur purus sit amet fermentum. Sed posuere consectetur est at lobortis. Nulla vitae elit libero, a pharetra augue. Lorem ipsum dolor sit amet, consectetur adipiscing elit. Donec id elit non mi porta gravida at eget metus. Vestibulum id ligula porta felis euismod semper. Vestibulum id ligula porta felis euismod semper.</p><p>Aenean eu leo quam. Pellentesque ornare sem lacinia quam venenatis vestibulum. Cum sociis natoque penatibus et magnis dis parturient montes, nascetur ridiculus mus. Duis mollis, est non commodo luctus, nisi erat porttitor ligula, eget lacinia odio sem nec elit. Integer posuere erat a ante venenatis dapibus posuere velit aliquet.</p>"
Nullam ultricies lorem in tortor luctus molestie proin ultrices venenatis commodo,image_blog_7.png,Social,Business Consulting,"<p>Aliquam in rutrum odio. Duis cursus vestibulum sapien, eu tempus diam vestibulum sit amet! Pellentesque habitant morbi tristique senectus et netus et malesuada fames ac turpis egestas. Maecenas turpis massa, rutrum ut facilisis at, pretium nec dolor. Nullam a aliquam neque. In hac habitasse platea dictumst. In hac habitasse platea dictumst. Ut malesuada molestie sapien, quis porttitor orci vestibulum et. Nullam vitae vehicula turpis. Duis mollis elementum tincidunt. Integer ultrices massa sed augue feugiat sed accumsan mauris faucibus. Nulla facilisi. Duis eu lectus quam. Morbi semper laoreet tellus, eu eleifend arcu semper a.</p><p>Cras hendrerit tristique feugiat. Vivamus aliquet quam at mi posuere facilisis. Phasellus vitae neque ac erat interdum venenatis. Vestibulum commodo iaculis felis et viverra. Proin neque quam, condimentum ut auctor nec, porta nec metus. Cras vehicula varius leo, in elementum diam tempus quis. Curabitur sed elit id enim sagittis dictum non non enim! Mauris vulputate ipsum augue, ac mattis ipsum. Ut eu sapien nisi? Fusce et lorem sem. Proin et libero lacinia odio semper molestie. Sed venenatis, nisl eu ullamcorper ultrices, urna arcu eleifend purus, sed posuere.</p>"
Aliquam erat volutpat Praesent in viverra dolor,image_blog_8.png,"sitebuilding, Drupal",Internet Marketing,"<p>Donec sed odio dui. Duis mollis, est non commodo luctus, nisi erat porttitor ligula, eget lacinia odio sem nec elit. Sed posuere consectetur est at lobortis. Nulla vitae elit libero, a pharetra augue. Donec ullamcorper nulla non metus auctor fringilla. Donec id elit non mi porta gravida at eget metus. Fusce dapibus, tellus ac cursus commodo, tortor mauris condimentum nibh, ut fermentum massa justo sit amet risus.Lorem ipsum dolor sit amet, consectetur adipiscing elit. Etiam porta sem malesuada magna mollis euismod. Aenean eu leo quam.</p><h2>H2 Heading Text</h2><p>Donec id elit non mi porta gravida at eget metus. Aenean lacinia bibendum nulla sed consectetur. Vivamus sagittis lacus vel augue laoreet rutrum faucibus dolor auctor. Donec ullamcorper nulla non metus auctor fringilla. Donec ullamcorper nulla non metus auctor fringilla. Integer posuere erat a ante venenatis dapibus posuere velit aliquet.</p><h3>Blockquote</h3><blockquote class=""center""><p>Duis mollis, est non commodo luctus, nisi erat porttitor ligula, eget lacinia odio sem nec elit. Integer posuere erat a ante venenatis dapibus posuere velit aliquet. Donec ullamcorper nulla non metus auctor fringilla.</p></blockquote><h4>H4 Heading Text</h4><p>Pellentesque ornare sem lacinia quam venenatis vestibulum. Aenean lacinia bibendum nulla sed consectetur.Cras mattis consectetur purus sit amet fermentum. Sed posuere consectetur est at lobortis. Nulla vitae elit libero, a pharetra augue. Lorem ipsum dolor sit amet, consectetur adipiscing elit. Donec id elit non mi porta gravida at eget metus. Vestibulum id ligula porta felis euismod semper. Vestibulum id ligula porta felis euismod semper.</p><p>Aenean eu leo quam. Pellentesque ornare sem lacinia quam venenatis vestibulum. Cum sociis natoque penatibus et magnis dis parturient montes, nascetur ridiculus mus. Duis mollis, est non commodo luctus, nisi erat porttitor ligula, eget lacinia odio sem nec elit. Integer posuere erat a ante venenatis dapibus posuere velit aliquet.</p>"
Aliquam turpis leo viverra id leo eu,image_blog_9.png,Development,"Business Consulting, Collaboration","<p>Cras hendrerit tristique feugiat. Vivamus aliquet quam at mi posuere facilisis. Phasellus vitae neque ac erat interdum venenatis. Vestibulum commodo iaculis felis et viverra. Proin neque quam, condimentum ut auctor nec, porta nec metus. Cras vehicula varius leo, in elementum diam tempus quis. Curabitur sed elit id enim sagittis dictum non non enim! Mauris vulputate ipsum augue, ac mattis ipsum. Ut eu sapien nisi? Fusce et lorem sem. Proin et libero lacinia odio semper molestie. Sed venenatis, nisl eu ullamcorper ultrices, urna arcu eleifend purus, sed posuere.</p><p>Aliquam in rutrum odio. Duis cursus vestibulum sapien, eu tempus diam vestibulum sit amet! Pellentesque habitant morbi tristique senectus et netus et malesuada fames ac turpis egestas. Maecenas turpis massa, rutrum ut facilisis at, pretium nec dolor. Nullam a aliquam neque. In hac habitasse platea dictumst. In hac habitasse platea dictumst. Ut malesuada molestie sapien, quis porttitor orci vestibulum et. Nullam vitae vehicula turpis. Duis mollis elementum tincidunt. Integer ultrices massa sed augue feugiat sed accumsan mauris faucibus. Nulla facilisi. Duis eu lectus quam. Morbi semper laoreet tellus, eu eleifend arcu semper a.</p>"
Praesent tincidunt dapibus nisi,image_blog_10.png,Collaboration,"Internet Marketing, Development","<p>Donec sed odio dui. Duis mollis, est non commodo luctus, nisi erat porttitor ligula, eget lacinia odio sem nec elit. Sed posuere consectetur est at lobortis. Nulla vitae elit libero, a pharetra augue. Donec ullamcorper nulla non metus auctor fringilla. Donec id elit non mi porta gravida at eget metus. Fusce dapibus, tellus ac cursus commodo, tortor mauris condimentum nibh, ut fermentum massa justo sit amet risus.Lorem ipsum dolor sit amet, consectetur adipiscing elit. Etiam porta sem malesuada magna mollis euismod. Aenean eu leo quam.</p><h2>H2 Heading Text</h2><p>Donec id elit non mi porta gravida at eget metus. Aenean lacinia bibendum nulla sed consectetur. Vivamus sagittis lacus vel augue laoreet rutrum faucibus dolor auctor. Donec ullamcorper nulla non metus auctor fringilla. Donec ullamcorper nulla non metus auctor fringilla. Integer posuere erat a ante venenatis dapibus posuere velit aliquet.</p><h3>Blockquote</h3><blockquote class=""center""><p>Duis mollis, est non commodo luctus, nisi erat porttitor ligula, eget lacinia odio sem nec elit. Integer posuere erat a ante venenatis dapibus posuere velit aliquet. Donec ullamcorper nulla non metus auctor fringilla.</p></blockquote><h4>H4 Heading Text</h4><p>Pellentesque ornare sem lacinia quam venenatis vestibulum. Aenean lacinia bibendum nulla sed consectetur.Cras mattis consectetur purus sit amet fermentum. Sed posuere consectetur est at lobortis. Nulla vitae elit libero, a pharetra augue. Lorem ipsum dolor sit amet, consectetur adipiscing elit. Donec id elit non mi porta gravida at eget metus. Vestibulum id ligula porta felis euismod semper. Vestibulum id ligula porta felis euismod semper.</p><p>Aenean eu leo quam. Pellentesque ornare sem lacinia quam venenatis vestibulum. Cum sociis natoque penatibus et magnis dis parturient montes, nascetur ridiculus mus. Duis mollis, est non commodo luctus, nisi erat porttitor ligula, eget lacinia odio sem nec elit. Integer posuere erat a ante venenatis dapibus posuere velit aliquet.</p>"
